"project.id","country","p.invest","p.year","environmental","other"
"p180163","dominican ",2e+08,2028,1,0
"p179112","barbados",0,2024,1,0
"p178888","  brazil",1893500000,2028,1,0
"p180033"," colombia",0,2023,1,0
"p178591"," peru",0,2025,1,0
"p178609","argentina ",2e+08,2028,0,1
"p178636"," ecuador",0,2023,1,0
"p178122","dominican ",0,2026,1,0
"p177957","  brazil",930000,2024,1,0
"p175320"," paraguay",1.05e+08,2028,0,1
"p172497","  brazil",24577982,2027,1,0
"p175979"," guatemala",0,2024,1,0
"p174535"," panama",7500000,2026,1,0
"p178339","  brazil",5e+07,2028,0,1
"p175672"," bolivia",351200000,2027,1,0
"p176559","st vincent and  grenadines",101146300,2028,0,1
"p177070","  brazil",5e+07,2028,0,1
"p175143","argentina ",2.8e+08,2028,1,0
"p172893","latin america",12844037,2027,0,1
"p178285"," paraguay",0,2023,1,0
"p178564"," ecuador",86794173,2027,1,0
"p170846"," dominica",3515982,2027,1,0
"p175930"," panama",0,2023,1,0
"p176532"," honduras",7.5e+07,2028,0,1
"p178729","  brazil",0,2024,1,0
"p177001"," honduras",0,2025,1,0
"p178320"," costa rica",1.2e+08,2024,0,1
"p177741","  guyana",4.4e+07,2027,0,1
"p172753","sint maarten",26780000,2025,1,0
"p177807"," dominica",0,2025,1,0
"p175847"," dominica",0,2023,1,0
"p176581","dominican ",6e+08,2026,1,0
"p178067","argentina ",6.75e+08,2027,1,0
"p178224","mexico",0,2023,1,0
"p177210"," haiti",1.2e+08,2028,1,0
"p176663","grenada",0,2023,1,0
"p174986","organization of eastern caribbean states",2.7e+07,2027,1,0
"p175720","grenada",1.5e+07,2027,0,1
"p178563","  brazil",2.5e+08,2027,0,1
"p171833","organization of eastern caribbean states",6e+07,2027,1,0
"p177632","  brazil",0,2024,1,0
"p168634","  brazil",1.3e+08,2027,0,1
"p176221"," ecuador",6e+05,2023,1,0
"p172980","st vincent and  grenadines",3650000,2027,0,1
"p175874","dominican ",0,2023,1,0
"p177765"," peru",0,2023,1,0
"p176788"," colombia",0,2023,1,0
"p176006"," colombia",2.94e+08,2026,0,1
"p176877","  brazil",130000,2022,1,0
"p177072"," haiti",1.02e+08,2027,1,0
"p172592","belize",45700000,2027,1,0
"p174191"," panama",0,2025,1,0
"p175669","argentina ",6e+07,2027,1,0
"p176781","argentina ",2.5e+08,2026,0,1
"p177987","belize",6200000,2024,0,1
"p176297"," peru",1.25e+08,2027,0,1
"p176983"," ecuador",0,2023,1,0
"p176105","  uruguay",4e+07,2027,0,1
"p170854"," el salvador",4e+06,2026,1,0
"p178181"," peru",5.03e+08,2022,0,1
"p176650"," colombia",0,2025,1,0
"p176905","argentina ",5.5e+08,2027,1,0
"p176943","st vincent and  grenadines",4.2e+07,2026,1,0
"p176232","  uruguay",52500000,2026,1,0
"p176505"," colombia",0,2023,0,1
"p175988","  brazil",1e+05,2023,0,1
"p175745","latin america",2600800,2023,1,0
"p170848","dominican ",4063927,2026,1,0
"p173743"," haiti",1.05e+08,2027,0,1
"p175801"," colombia",0,2023,1,0
"p174730"," peru",3499797,2022,0,1
"p174812"," peru",0,2026,1,0
"p167132"," guatemala",52500000,2025,1,0
"p173484"," panama",358900,2023,0,1
"p161316","st lucia",21862000,2025,1,0
"p172079","mexico",13761468,2026,1,0
"p174786"," costa rica",0,2022,1,0
"p175616","latin america",23244416,2024,1,0
"p174707"," haiti",105600000,2026,1,0
"p176387"," peru",0,2022,0,1
"p175492","barbados",0,2022,1,0
"p174177"," peru",85970000,2026,0,1
"p173012","jamaica",16365000,2024,1,0
"p173464","caribbean",13900000,2027,1,0
"p174244","  guyana",6700000,2024,0,1
"p174328"," honduras",146100000,2027,1,0
"p172535"," colombia",136700000,2026,1,0
"p171778","dominican ",43500000,2026,1,0
"p175490","  bahamas",0,2022,1,0
"p175126"," colombia",0,2022,1,0
"p175111"," colombia",3248882,2022,1,0
"p170391"," guatemala",4500000,2026,1,0
"p175138","argentina ",382767500,2026,0,1
"p174946","argentina ",88900000,2025,0,1
"p164134"," nicaragua",2739800,2025,1,0
"p174440"," peru",0,2022,1,0
"p173017","caribbean",5e+05,2025,1,0
"p174927"," dominica",0,2021,1,0
"p172611","sint maarten",1.2e+07,2025,0,1
"p174531","jamaica",0,2022,1,0
"p174111"," haiti",7.5e+07,2027,0,1
"p172689","argentina ",576605000,2026,1,0
"p173621","  brazil",1300000,2021,1,0
"p161182","dominican ",2.5e+07,2025,1,0
"p175878"," nicaragua",8e+07,2025,0,1
"p172647","mexico",2.25e+08,2026,0,1
"p174150","mexico",0,2021,0,1
"p174346","st lucia",0,2021,1,0
"p173480"," guatemala",1.79e+08,2026,1,0
"p175977"," honduras",1.5e+08,2026,1,0
"p173698"," guatemala",0,2022,1,0
"p174000","mexico",0,2021,1,0
"p174527","grenada",0,2021,0,1
"p172455","  brazil",0,2022,1,0
"p173823"," nicaragua",2e+07,2025,0,1
"p174107"," panama",0,2021,1,0
"p160368"," costa rica",6e+07,2025,1,0
"p174677"," nicaragua",6770000,2022,0,1
"p175268","  guyana",7500000,2023,0,1
"p174115"," ecuador",0,2021,1,0
"p174197","  brazil",1e+09,2022,1,0
"p172582","sint maarten",4488000,2024,1,0
"p171976"," haiti",6e+07,2026,0,1
"p173424"," colombia",0,2022,1,0
"p173283"," ecuador",4e+07,2026,0,1
"p172605","  brazil",2.5e+08,2024,0,1
"p172899"," ecuador",0,2025,0,1
"p173989"," trinidad and tobago",2e+07,2024,0,1
"p171474"," haiti",0,2022,1,0
"p174145","dominican ",0,2021,0,1
"p171912"," costa rica",0,2021,1,0
"p173854"," guatemala",2e+07,2022,0,1
"p172339","sint maarten",7200000,2024,1,0
"p174118"," colombia",0,2021,1,0
"p172796","  uruguay",0,2021,1,0
"p169956","st vincent and  grenadines",0,2023,1,0
"p171528","caribbean",0,2026,0,1
"p173125"," honduras",0,2025,1,0
"p169901"," honduras",0,2025,1,0
"p173881"," panama",1.2e+08,2023,0,1
"p166039","st lucia",169000,2020,0,1
"p171321","caribbean",2400000,2022,0,1
"p171224"," dominica",0,2020,1,0
"p170860","st lucia",0,2027,0,1
"p172951","grenada",0,2026,0,1
"p170907"," haiti",0,2026,0,1
"p170850","  brazil",0,2025,1,0
"p172863","mexico",0,2021,0,1
"p173876","  uruguay",2e+07,2022,1,0
"p173984"," bolivia",0,2021,1,0
"p171190"," ecuador",0,2020,1,0
"p169140","  brazil",0,2026,0,1
"p173872"," el salvador",7e+07,2023,0,1
"p173861"," honduras",2e+07,2023,0,1
"p172567"," honduras",0,2023,1,0
"p170658"," peru",0,2024,0,1
"p173773"," ecuador",2e+07,2024,0,1
"p173811"," haiti",5.5e+07,2024,0,1
"p173767","argentina ",3.5e+07,2024,0,1
"p173805"," paraguay",2e+07,2023,0,1
"p172352"," costa rica",0,2026,0,1
"p170477"," peru",0,2021,0,1
"p168475"," costa rica",0,2027,1,0
"p170682","  brazil",0,2026,1,0
"p169134","  brazil",0,2026,0,1
"p169161"," honduras",0,2025,0,1
"p169505"," paraguay",0,2023,1,0
"p168153"," paraguay",0,2026,0,1
"p169866"," colombia",0,2023,0,1
"p170223","jamaica",0,2021,1,0
"p171316"," el salvador",2.5e+08,2026,1,0
"p169677"," el salvador",0,2026,1,0
"p170445","st lucia",0,2025,0,1
"p168951"," haiti",0,2027,0,1
"p170728"," colombia",0,2021,0,1
"p164389","mexico",0,2025,1,0
"p165861"," bolivia",0,2025,0,1
"p169959","mexico",0,2025,0,1
"p170595"," peru",0,2024,0,1
"p171465","grenada",0,2023,1,0
"p162278"," peru",0,2025,0,1
"p172619","sint maarten",3624000,2020,1,0
"p167748","grenada",0,2020,0,1
"p160277"," chile",2.6e+07,2025,1,0
"p166279","jamaica",0,2025,1,0
"p167767"," honduras",2722200,2024,0,1
"p167974","sint maarten",1.29e+08,2023,1,0
"p170329","argentina ",0,2024,1,0
"p167588","grenada",0,2024,0,1
"p168539","organization of eastern caribbean states",40600000,2024,0,1
"p169919"," colombia",4e+05,2022,1,0
"p167830"," colombia",0,2023,1,0
"p165055","  brazil",0,2026,1,0
"p167958","dominican ",6e+05,2023,0,1
"p170670"," paraguay",350000,2020,1,0
"p167455","  brazil",0,2025,1,0
"p168713","argentina ",0,2020,0,1
"p166187"," suriname",0,2025,0,1
"p168911","argentina ",3.41e+08,2023,0,1
"p170469"," honduras",0,2025,1,0
"p168385"," honduras",0,2024,1,0
"p167674","mexico",0,2020,0,1
"p169822"," ecuador",0,2019,1,0
"p165220","st vincent and  grenadines",3e+07,2019,1,0
"p162833"," peru",0,2024,0,1
"p167996"," paraguay",0,2024,0,1
"p159710"," guatemala",0,2023,0,1
"p164588","  brazil",0,2021,1,0
"p162858"," colombia",7.5e+08,2020,1,0
"p167512"," haiti",0,2024,1,0
"p165870"," haiti",0,2025,1,0
"p152057"," honduras",3e+07,2024,1,0
"p169125"," el salvador",0,2024,1,0
"p168549","sint maarten",3.5e+07,2025,1,0
"p167416"," ecuador",0,2024,0,1
"p166730","  guyana",0,2024,0,1
"p162149"," dominica",54173000,2026,1,0
"p162594"," colombia",0,2025,0,1
"p165683","  brazil",207086000,2026,1,0
"p165973"," suriname",0,2024,1,0
"p163255"," peru",157825000,2024,0,1
"p163023"," peru",0,2024,1,0
"p167347","sint maarten",2.5e+07,2023,1,0
"p165695","  brazil",0,2025,0,1
"p163260","dominican ",0,2026,1,0
"p167889","argentina ",0,2020,0,1
"p164602","  brazil",0,2023,1,0
"p166783","st lucia",2e+07,2023,0,1
"p162452"," haiti",2e+07,2020,0,1
"p164356"," el salvador",1800000,2023,1,0
"p167532","sint maarten",100500000,2024,1,0
"p167368","sint maarten",22500000,2023,0,1
"p165300"," colombia",4.4e+09,2023,0,1
"p165218"," honduras",848062,2020,0,1
"p157043"," peru",2e+08,2025,1,0
"p161713"," colombia",1.096e+09,2024,1,0
"p167339","sint maarten",100200000,2024,1,0
"p157715","organization of eastern caribbean states",1.2e+07,2025,0,1
"p162455","  brazil",1.324e+09,2033,1,0
"p145468"," haiti",2294320,2021,0,1
"p164289","grenada",0,2019,0,1
"p165425","  guyana",0,2019,0,1
"p166159"," panama",1e+08,2019,1,0
"p164453"," bolivia",3e+08,2023,0,1
"p163490"," haiti",1.38e+08,2025,0,1
"p162316","argentina ",187500000,2024,1,0
"p163345","argentina ",440430000,2023,1,0
"p166537"," dominica",4e+07,2023,1,0
"p166328"," dominica",29500000,2023,1,0
"p159835","mexico",76157985,2023,1,0
"p160778","mexico",6850000,2023,1,0
"p164660"," peru",402695,2020,0,1
"p163531"," nicaragua",5e+07,2024,0,1
"p164452"," nicaragua",6e+07,2023,1,0
"p157575"," panama",85200000,2023,1,0
"p164257","jamaica",4875000,2023,1,0
"p162908"," haiti",26210046,2023,1,0
"p165120"," guatemala",350000,2020,1,0
"p160680"," colombia",2e+07,2023,1,0
"p163431"," costa rica",1823042,2020,0,1
"p152307","jamaica",1.5e+07,2024,0,1
"p164661","mexico",1.85e+08,2023,1,0
"p162485","latin america",726000,2021,0,1
"p162033","  brazil",2.5e+08,2023,0,1
"p161642"," colombia",5e+08,2018,1,0
"p163115","argentina ",3.11e+08,2023,0,1
"p156880"," colombia",41900000,2023,1,0
"p158000","  brazil",60330000,2026,1,0
"p163868","  brazil",2.5e+08,2023,0,1
"p163612"," suriname",350000,2020,1,0
"p152285","  brazil",1e+06,2024,0,1
"p154351"," haiti",15650000,2028,1,0
"p156719"," haiti",19620000,2024,1,0
"p147158","  brazil",8e+07,2023,1,0
"p163437"," chile",375126000,2023,0,1
"p159351","dominican ",1.5e+08,2021,1,0
"p159653","organization of eastern caribbean states",108300000,2021,1,0
"p155034","caribbean",5e+05,2020,1,0
"p151604","mexico",6e+06,2023,1,0
"p161989","  uruguay",1.2e+07,2023,0,1
"p162475"," panama",290000,2020,1,0
"p155201"," haiti",55400000,2023,0,1
"p157932","mexico",1e+08,2021,0,1
"p161434","dominican ",440038,2022,1,0
"p163586","jamaica",7e+07,2018,1,0
"p161018"," chile",8e+07,2018,0,1
"p154253","st vincent and  grenadines",10700000,2023,0,1
"p158958","organization of eastern caribbean states",9660000,2023,1,0
"p151851"," peru",88150000,2023,1,0
"p153012","  brazil",146600000,2024,1,0
"p159519","  guyana",14026924,2025,1,0
"p161359"," nicaragua",497000,2019,0,1
"p157795"," honduras",1400000,2020,1,0
"p161029"," nicaragua",5.5e+07,2023,0,1
"p161798","argentina ",3.75e+08,2023,1,0
"p152117","organization of eastern caribbean states",2.6e+07,2023,1,0
"p163049","dominican ",5e+05,2020,1,0
"p160633"," peru",5e+05,2019,1,0
"p159512","  guyana",6e+06,2022,0,1
"p160570","mexico",1.95e+08,2020,0,1
"p159213"," guatemala",1.09e+08,2024,0,1
"p157531"," haiti",25500000,2023,1,0
"p154275"," panama",81200000,2020,1,0
"p160309","mexico",1e+08,2022,1,0
"p158739"," colombia",6e+08,2018,0,1
"p160359"," nicaragua",96800000,2023,1,0
"p159901","argentina ",4.8e+08,2022,1,0
"p159843","argentina ",242500000,2025,1,0
"p159929","argentina ",2.06e+08,2023,0,1
"p157136","argentina ",88900000,2021,0,1
"p160446"," colombia",4.67e+08,2023,0,1
"p155902"," peru",120900000,2023,1,0
"p143495"," guatemala",4.5e+07,2023,1,0
"p153366"," guatemala",5.5e+07,2023,0,1
"p156250"," peru",1e+08,2022,0,1
"p147342"," peru",70407306,2022,1,0
"p152281"," bolivia",230050000,2023,0,1
"p159771","  uruguay",5.9e+07,2023,1,0
"p156761","grenada",1e+07,2017,0,1
"p158520"," colombia",8e+08,2017,0,1
"p157425"," ecuador",102465000,2023,0,1
"p159515","argentina ",5e+07,2022,0,1
"p160667"," guatemala",2.5e+08,2019,0,1
"p155191"," haiti",82100000,2023,0,1
"p156239"," colombia",133511000,2024,1,0
"p152820"," chile",3500000,2021,1,0
"p149522","belize",11975000,2024,1,0
"p154819"," panama",3e+08,2018,0,1
"p155235"," nicaragua",22700000,2022,0,1
"p147278"," paraguay",1e+08,2024,0,1
"p158836","organization of eastern caribbean states",2e+06,2019,1,0
"p158791","argentina ",1.05e+09,2023,0,1
"p145686","argentina ",3.26e+08,2023,1,0
"p155978","latin america",399480,2020,1,0
"p155976","latin america",727609,2020,1,0
"p157484","caribbean",1600000,2018,0,1
"p154479"," bolivia",3e+05,2017,0,1
"p143185","  brazil",9250000,2021,1,0
"p157324"," ecuador",1.5e+08,2021,1,0
"p148435"," costa rica",4.2e+08,2023,0,1
"p153404","organization of eastern caribbean states",2300000,2019,0,1
"p158239","caribbean",2820000,2017,0,1
"p149872","mexico",1.56e+08,2023,1,0
"p154981"," peru",1.25e+09,2020,1,0
"p156858"," peru",1.25e+09,2020,0,1
"p146965","jamaica",3e+07,2024,1,0
"p147272","  brazil",3e+08,2022,1,0
"p147280"," ecuador",91030000,2023,0,1
"p129342","  brazil",1133685570,2021,1,0
"p146981","  brazil",2e+08,2017,0,1
"p147277","dominican ",1.2e+08,2022,1,0
"p155920"," honduras",5e+07,2017,0,1
"p132515"," peru",54790000,2023,1,0
"p154821"," colombia",7e+08,2017,0,1
"p153203","  brazil",1.5e+08,2017,0,1
"p153338","mexico",4.05e+08,2020,0,1
"p154213"," chile",1e+08,2016,0,1
"p144597"," bolivia",2.25e+08,2024,1,0
"p155425","dominican ",6e+07,2017,0,1
"p152319"," chile",45170000,2016,1,0
"p151821","grenada",1.5e+07,2016,1,0
"p150738","  brazil",2e+05,2021,0,1
"p152096"," ecuador",2.01e+08,2022,0,1
"p146831","dominican ",5e+07,2023,1,0
"p150475"," colombia",7e+08,2016,1,0
"p148737"," honduras",37800000,2023,1,0
"p155097"," panama",6e+07,2022,1,0
"p145610"," peru",5.836e+09,2020,0,1
"p148499"," peru",5500000,2021,1,0
"p129633","jamaica",7500000,2022,1,0
"p143334","  brazil",49980000,2022,1,0
"p151963"," ecuador",109200000,2023,1,0
"p149670","latin america",47250000,2021,1,0
"p148259"," haiti",5000001,2020,1,0
"p151568"," colombia",74040,2017,1,0
"p106685","argentina ",76500000,2022,1,0
"p133193","argentina ",437500000,2022,1,0
"p152136"," nicaragua",6e+07,2020,0,1
"p129555","  guyana",1700000,2018,0,1
"p148970"," haiti",7e+07,2023,1,0
"p132408","  guyana",3270000,2019,1,0
"p150892","  brazil",4300000,2018,0,1
"p151439"," ecuador",247800000,2023,1,0
"p114294","argentina ",21580000,2021,1,0
"p151804"," panama",3e+08,2016,0,1
"p132846","argentina ",61060000,2022,0,1
"p133288","argentina ",240090000,2023,1,0
"p131734","caribbean",3e+06,2019,1,0
"p151007"," paraguay",1e+08,2017,0,1
"p149831"," peru",4e+08,2018,0,1
"p147213","dominican ",7.5e+07,2022,0,1
"p106013"," colombia",1e+06,2017,1,0
"p145618","mexico",16880734,2020,1,0
"p151448","jamaica",7.5e+07,2015,1,0
"p143492","  brazil",6500000,2022,1,0
"p131408","belize",7310000,2020,1,0
"p150751"," bolivia",2e+08,2016,1,0
"p148809"," nicaragua",4.2e+07,2019,1,0
"p145621"," panama",28969300,2019,1,0
"p148552"," colombia",4700000,2019,0,1
"p133129","argentina ",7.67e+08,2021,1,0
"p149189","  brazil",1100000,2017,0,1
"p145766"," colombia",7e+08,2015,1,0
"p149609"," colombia",7e+08,2017,0,1
"p106684","argentina ",4.53e+08,2017,1,0
"p110614","  brazil",27050000,2012,0,1
"p111926"," costa rica",6.5e+07,2017,1,0
"p110655","dominican ",1e+06,2011,0,1
"p106623","barbados",94390000,2014,1,0
"p106445"," panama",58730000,2014,0,1
"p106686"," panama",4.2e+07,2014,0,1
"p101590"," peru",3.7e+08,2015,0,1
"p106767","  brazil",1.1e+09,2010,1,0
"p110462","argentina ",34250000,2017,1,0
"p113637","  brazil",114479,2011,0,1
"p113426"," costa rica",5e+05,2013,0,1
"p111940","  brazil",310000,2008,1,0
"p094315","  brazil",59400000,2015,0,1
"p082927"," chile",7e+07,2010,1,0
"p111667"," haiti",2130220,2012,0,1
"p101171","argentina ",28030000,2013,1,0
"p106589","mexico",8e+07,2015,0,1
"p090044","  guyana",2584050,2015,1,0
"p090119","argentina ",90595000,2017,1,0
"p109058"," honduras",64600000,2015,1,0
"p101209"," honduras",51200000,2021,0,1
"p109691"," nicaragua",2e+07,2014,1,0
"p106283"," nicaragua",23100000,2015,1,0
"p106699"," haiti",46700000,2016,0,1
"p112133"," haiti",1e+07,2008,0,1
"p100635","organization of eastern caribbean states",7200000,2014,0,1
"p098248","andean countries",35970000,2014,1,0
"p089866","dominican ",152100000,2013,1,0
"p111255"," honduras",3e+05,2011,0,1
"p095673","jamaica",1.5e+07,2018,0,1
"p105024","jamaica",1.15e+08,2018,0,1
"p106622","jamaica",11540000,2013,1,0
"p110098","latin america",1920000,2012,0,1
"p109932","dominican ",8e+07,2016,1,0
"p106038","  brazil",1.55e+09,2015,0,1
"p101324","  brazil",1.437e+09,2014,0,1
"p106621"," haiti",5860000,2012,0,1
"p095626","  brazil",166700000,2014,0,1
"p082908"," colombia",5e+07,2015,0,1
"p105029"," colombia",5.5e+08,2011,1,0
"p110849","mexico",501250000,2011,1,0
"p088966","  brazil",44470000,2022,1,0
"p095169","latin america",1.2e+07,2012,1,0
"p100806","argentina ",71800000,2016,1,0
"p101322","grenada",2800000,2012,1,0
"p101084"," bolivia",19550000,2015,1,0
"p108974"," nicaragua",1.7e+07,2014,1,0
"p105164"," colombia",537300000,2013,0,1
"p083997","  brazil",3.5e+07,2014,1,0
"p116936"," haiti",903000,2010,0,1
"p094715","  brazil",9.7e+07,2014,1,0
"p088799"," paraguay",46750000,2020,1,0
"p101206"," bolivia",16462005,2015,1,0
"p101218"," honduras",16400000,2013,0,1
"p110920"," peru",170000,2009,1,0
"p088996","mexico",106830000,2015,1,0
"p095038","mexico",3e+07,2015,1,0
"p094199","  brazil",90630000,2013,0,1
"p085539"," costa rica",79700000,2014,1,0
"p098732","mexico",2011138,2011,1,0
"p109575","jamaica",1e+07,2011,1,0
"p106449"," bolivia",10700000,2013,1,0
"p101426"," bolivia",23010000,2015,1,0
"p101298"," bolivia",47930000,2013,1,0
"p089013","  brazil",46800000,2013,1,0
"p094784"," ecuador",21710000,2014,0,1
"p105710"," panama",7.5e+07,2008,0,1
"p101342","mexico",200510000,2008,1,0
"p052608"," colombia",4.2e+07,2014,0,1
"p110536"," paraguay",103000,2010,0,1
"p113500"," ecuador",953000,2012,1,0
"p108404"," guatemala",215000,2010,0,1
"p097322","  brazil",4700000,2009,0,1
"p087925"," bolivia",1.5e+07,2014,1,0
"p103539","  guyana",5e+06,2013,1,0
"p083965"," bolivia",1e+07,2013,1,0
"p108880"," chile",820000,2009,0,1
"p089929","  brazil",59800000,2014,1,0
"p101253","argentina ",714000,2015,1,0
"p107572","central america",5e+05,2008,0,1
"p098846"," peru",3e+05,2010,1,0
"p050716","  uruguay",25300000,2015,1,0
"p103441"," chile",24800000,2014,0,1
"p104567"," colombia",122400000,2015,1,0
"p107548"," costa rica",179764,2010,0,1
"p090010","dominican ",3.2e+07,2016,0,1
"p101311"," guatemala",1e+08,2008,1,0
"p098328"," panama",46940000,2014,1,0
"p108711","caribbean",14559487.65,2014,0,1
"p092147"," bolivia",13115982,2009,1,0
"p082419"," panama",39400000,2014,1,0
"p102479"," bolivia",5175000,2013,1,0
"p094425","argentina ",4.2e+07,2016,1,0
"p095569","argentina ",1335100000,2013,1,0
"p098615"," colombia",17995000,2018,1,0
"p105288","argentina ",355270852.8,2013,1,0
"p101432","  uruguay",68100000,2013,1,0
"p095514","argentina ",2.25e+08,2013,0,1
"p070867","  brazil",23060000,2013,1,0
"p103881"," honduras",3.5e+07,2016,1,0
"p102474"," honduras",4440000,2012,0,1
"p108746","argentina ",138060,2010,1,0
"p108742","argentina ",103500,2009,1,0
"p108744","argentina ",178900,2010,0,1
"p108745","argentina ",54840,2010,1,0
"p108743","argentina ",1e+05,2009,1,0
"p108741","argentina ",109103,2010,1,0
"p102931"," chile",11700000,2014,1,0
"p100854"," chile",3e+07,2008,0,1
"p095877"," colombia",2e+08,2008,1,0
"p101086"," peru",1.5e+08,2009,0,1
"p115829","dominican ",507200,2011,1,0
"p083927","  uruguay",1e+08,2008,1,0
"p104639","  brazil",550000,2008,1,0
"p097604","  uruguay",14030000,2016,0,1
"p101170","argentina ",2e+07,2014,1,0
"p104640","  brazil",270000,2008,1,0
"p097141","st lucia",4370000,2013,1,0
"p107046","central america",170000,2009,1,0
"p095520","  uruguay",32500000,2015,1,0
"p103517","belize",2e+05,2010,0,1
"p108058","caribbean",4.5e+07,2012,1,0
"p099918"," haiti",12420000,2012,1,0
"p079165"," peru",34930000,2017,0,1
"p108718","  uruguay",347200,2009,0,1
"p089011","  brazil",77340000,2012,0,1
"p064918"," panama",46900000,2015,1,0
"p107550"," bolivia",119075,2008,0,1
"p096965"," colombia",158200000,2018,1,0
"p094539","organization of eastern caribbean states",14200000,2010,1,0
"p104690"," haiti",9e+06,2010,1,0
"p089898"," guatemala",1e+08,2015,0,1
"p094869"," dominica",2600000,2010,1,0
"p099051","argentina ",173100000,2012,1,0
"p089793","  brazil",1e+07,2011,0,1
"p100738"," colombia",5300000,2017,1,0
"p100564"," haiti",2.3e+07,2009,0,1
"p089839"," haiti",5e+06,2011,1,0
"p091407","  brazil",2.8e+07,2013,1,0
"p104455","mercosur",5e+05,2010,0,1
"p101335"," peru",2e+08,2007,1,0
"p095570"," peru",1.5e+08,2013,0,1
"p110469","latin america",1078000,2012,0,1
"p087106"," guatemala",62300000,2015,0,1
"p082651","  brazil",62842610,2014,1,0
"p080104","mexico",72285000,2020,1,0
"p094495","  uruguay",9928801,2012,1,0
"p095213"," colombia",3e+08,2007,0,1
"p100811"," haiti",1450000,2009,0,1
"p083979"," bolivia",3e+07,2017,0,1
"p090993","argentina ",9.5e+08,2012,1,0
"p095460","  brazil",2e+08,2013,0,1
"p089816"," nicaragua",2.5e+07,2007,1,0
"p095515","argentina ",3e+08,2012,0,1
"p066426","mexico",49350000,2016,1,0
"p098376"," panama",6e+07,2007,0,1
"p090731","caribbean",4300000,2011,1,0
"p099848","  guyana",285000,2009,0,1
"p094897"," guatemala",1e+08,2007,1,0
"p092949"," nicaragua",1.7e+07,2011,1,0
"p082026"," paraguay",105410000,2016,1,0
"p098531"," haiti",7474760,2013,1,0
"p007077"," ecuador",58800000,2011,1,0
"p095555"," ecuador",7.9e+07,2009,1,0
"p087831"," ecuador",4.3e+07,2010,1,0
"p094097"," colombia",3e+08,2007,0,1
"p099585","argentina ",7.5e+07,2013,1,0
"p092987"," honduras",8300000,2017,1,0
"p077717","mexico",1.5e+08,2016,1,0
"p097327","  brazil",2400000,2009,1,0
"p095371"," haiti",2e+06,2011,1,0
"p083045"," panama",18100000,2014,1,0
"p085488","central america",34350000,2012,0,1
"p066535","  brazil",17131400,2012,1,0
"p083952"," nicaragua",69910000,2014,0,1
"p093384"," costa rica",80303500,2014,0,1
"p098838"," costa rica",4e+07,2014,0,1
"p095675","  brazil",1.5e+08,2008,1,0
"p093491","argentina ",91570000,2014,1,0
"p092990","  brazil",1218740000,2013,0,1
"p060484","argentina ",1.75e+08,2015,1,0
"p092015"," chile",82600000,2017,1,0
"p098167"," ecuador",6e+07,2010,1,0
"p094155"," costa rica",3240000,2018,1,0
"p102095"," colombia",5085000,2008,1,0
"p082219","mexico",350000,2008,0,1
"p089989"," nicaragua",16700000,2015,0,1
"p078703","  guyana",9600000,2007,1,0
"p094154"," nicaragua",7980000,2019,1,0
"p083075"," colombia",14900000,2011,1,0
"p088543","  brazil",1.7e+08,2007,0,1
"p095523"," haiti",1.6e+07,2013,1,0
"p091932"," colombia",42400000,2014,1,0
"p094321"," guatemala",6e+07,2014,1,0
"p087038","mexico",141560000,2011,1,0
"p091299","jamaica",32800000,2013,1,0
"p089171","mexico",15000000.01,2011,1,0
"p055483","argentina ",1.05e+09,2009,1,0
"p096605","dominican ",49910000,2013,1,0
"p078894"," peru",3.5e+07,2012,1,0
"p098299","mexico",300760000,2006,1,0
"p090110"," peru",111450000,2013,1,0
"p090116"," peru",1e+08,2013,1,0
"p096740","  brazil",550000,2008,0,1
"p085727"," colombia",2e+08,2014,1,0
"p097159","mexico",501260000,2006,1,0
"p089926","argentina ",54380000,2015,1,0
"p088575"," ecuador",9e+07,2010,0,1
"p090061","dominican ",2089000,2009,0,1
"p077756"," guatemala",4.9e+07,2013,0,1
"p069671","  brazil",3200000,2005,0,1
"p085934","caribbean",194348.25,2009,0,1
"p082392","grenada",3500000,2013,1,0
"p070963","argentina ",240580000,2013,1,0
"p070448","argentina ",5.2e+07,2013,0,1
"p090113"," honduras",21090000,2013,1,0
"p085593","mexico",299570000,2011,1,0
"p094146"," el salvador",1e+08,2007,0,1
"p088728","mexico",346200000,2009,0,1
"p089826"," peru",1.5e+08,2006,0,1
"p081436","  brazil",82646000,2013,1,0
"p081023","  brazil",9180000,2013,1,0
"p092202"," el salvador",7630000,2012,1,0
"p078993"," el salvador",9.7e+07,2011,0,1
"p087046"," nicaragua",3.9e+07,2014,1,0
"p089852","mexico",200510000,2006,0,1
"p079182","  brazil",20910000,2017,0,1
"p050761","  brazil",1300000,2010,1,0
"p082656","mexico",49400000,2016,1,0
"p089443"," colombia",92700000,2008,0,1
"p085317","dominican ",229929.09,2005,0,1
"p088642"," el salvador",160600000,2011,1,0
"p094301"," colombia",2.5e+08,2006,0,1
"p082520"," colombia",24130316,2015,1,0
"p082056"," paraguay",2.5e+07,2011,1,0
"p092746","andean countries",4e+05,2008,0,1
"p090041","  brazil",8600000,2011,0,1
"p052256","  brazil",46800000,2010,0,1
"p079748","mexico",200510000,2006,1,0
"p093787","  brazil",7.5e+07,2014,1,0
"p089440","  brazil",117148490,2011,1,0
"p091695","mexico",55200000,2010,1,0
"p066537","  brazil",7e+05,2009,1,0
"p082523","  brazil",1.3e+07,2009,1,0
"p088030","  guyana",12300000,2011,1,0
"p093640"," haiti",40300000,2013,0,1
"p088732","mexico",1.4e+08,2010,1,0
"p078813"," peru",2e+08,2014,0,1
"p082142","  brazil",649750000,2007,0,1
"p088319"," honduras",16500000,2013,0,1
"p082242"," honduras",23600000,2013,1,0
"p081516"," honduras",1.6e+07,2011,1,0
"p086775"," honduras",54800000,2016,1,0
"p094365"," guatemala",1e+08,2006,0,1
"p088498"," chile",100130000,2010,0,1
"p082412"," chile",30160000,2006,0,1
"p086689"," chile",6e+06,2011,1,0
"p092836","argentina ",37500000,2012,0,1
"p088752"," colombia",1.1e+07,2016,1,0
"p076170"," colombia",2127085,2005,0,1
"p082167"," colombia",3.2e+07,2011,1,0
"p066536","  brazil",7e+05,2010,1,0
"p088009","  brazil",19522700,2011,1,0
"p081397"," colombia",1.5e+08,2006,1,0
"p078716","  brazil",502520000,2006,1,0
"p081743"," chile",65950000,2013,1,0
"p077676","  uruguay",1e+07,2012,1,0
"p095028","  uruguay",325380000,2006,0,1
"p057481","  uruguay",1e+08,2011,0,1
"p070653","  uruguay",93850000,2012,1,0
"p093936"," haiti",2e+06,2009,1,0
"p070628","argentina ",2.86e+08,2017,0,1
"p064910"," el salvador",1.2e+07,2012,1,0
"p086525","  brazil",658300000,2006,1,0
"p075379","  brazil",14590000,2011,1,0
"p091365"," bolivia",1.5e+07,2006,1,0
"p083051"," bolivia",71950000,2014,0,1
"p089865","mexico",441230000,2010,1,0
"p094416","st lucia",7700000,2009,1,0
"p088448","organization of eastern caribbean states",2700000,2011,0,1
"p092834"," peru",1500000,2015,1,0
"p082429"," colombia",2.51e+08,2013,1,0
"p082712","dominican ",1.5e+08,2009,1,0
"p075502","a bolivariana de venezuela",6e+06,2009,1,0
"p068730","  brazil",6553000,2008,1,0
"p088973","st vincent and  grenadines",97449,2005,1,0
"p088220","argentina ",2.4e+08,2012,1,0
"p039994"," paraguay",1.5e+07,2006,0,1
"p080961"," paraguay",6330000,2010,1,0
"p078991"," nicaragua",82200000,2010,1,0
"p094450"," honduras",2.59e+08,2006,0,1
"p087036"," paraguay",8300000,2009,0,1
"p082588"," peru",43120000,2010,1,0
"p057857"," costa rica",5.1e+07,2013,0,1
"p082243","central america",8100000,2010,0,1
"p084762"," colombia",1e+08,2005,1,0
"p082973"," colombia",93400000,2011,1,0
"p088546","mexico",9460000,2017,1,0
"p086953"," el salvador",55800000,2011,1,0
"p083856"," ecuador",4.2e+08,2005,0,1
"p093133"," el salvador",1e+08,2005,0,1
"p083311"," honduras",2.5e+07,2009,1,0
"p083132","mexico",5e+05,2007,0,1
"p090159"," haiti",19400000,2011,1,0
"p089873"," haiti",8.3e+07,2006,1,0
"p093594","  brazil",1064000,2008,1,0
"p069672","  brazil",5e+06,2001,1,0
"p077047","  brazil",1330000,2008,1,0
"p076807"," chile",90260000,2011,1,0
"p116720"," ecuador",4e+06,2013,0,1
"p075219","central america",11500000,2010,1,0
"p088934","argentina ",542076,2015,1,0
"p076924","  brazil",27810000,2010,1,0
"p083968"," peru",1064600000,2005,0,1
"p088032","argentina ",333670000,2015,0,1
"p083949"," peru",1e+08,2005,0,1
"p081954"," peru",16700000,2013,1,0
"p088256"," honduras",1400000,2015,0,1
"p092692","grenada",1e+07,2009,1,0
"p088080","mexico",7770000,2008,0,1
"p082865"," colombia",2e+08,2005,0,1
"p088857"," colombia",2e+06,2009,1,0
"p069934","  brazil",52500000,2010,1,0
"p082597"," colombia",1e+08,2005,1,0
"p089324","  guyana",32919857,2012,0,1
"p082625"," peru",8180000,2011,0,1
"p078990"," nicaragua",1.5e+07,2011,1,0
"p080829","  brazil",502520000,2004,0,1
"p088809"," peru",8300000,2010,1,0
"p078953"," peru",7800000,2009,0,1
"p083533","  brazil",14400000,2010,1,0
"p076795","st lucia",7900000,2010,0,1
"p076799","st vincent and  grenadines",7e+06,2011,1,0
"p087711","  brazil",62300000,2011,1,0
"p085851","mexico",1.7e+09,2007,1,0
"p074755","mexico",37500000,2011,0,1
"p082328","  brazil",49070000,2009,1,0
"p088153","argentina ",308100000,2010,0,1
"p087152","mexico",159672500,2012,0,1
"p087841"," bolivia",2.5e+07,2004,0,1
"p086664","st vincent and  grenadines",9500000,2011,1,0
"p077187","latin america",34930000,2011,1,0
"p083982","argentina ",1e+09,2006,1,0
"p083851"," honduras",12850000,2010,1,0
"p064914"," honduras",32760000,2012,1,0
"p074758"," honduras",58800000,2005,0,1
"p085302"," ecuador",2.4e+07,2008,0,1
"p086469","st lucia",8900000,2011,1,0
"p087713","  brazil",7194900000,2009,0,1
"p077257"," ecuador",44965000,2009,1,0
"p051306"," colombia",3e+07,2014,1,0
"p082466"," colombia",4.64e+08,2012,1,0
"p070371","mexico",1e+08,2004,0,1
"p080149","mexico",3e+08,2009,1,0
"p078220"," colombia",9.8e+07,2019,1,0
"p073267","organization of eastern caribbean states",7571000,2011,1,0
"p080830","  brazil",4e+07,2008,1,0
"p077826"," nicaragua",80770000,2012,0,1
"p083013","  brazil",2e+08,2009,1,0
"p068124","  uruguay",21160000,2011,1,0
"p083244"," honduras",16700000,2010,1,0
"p071025","argentina ",135800000,2010,1,0
"p076722","  guyana",5e+07,2010,0,1
"p078891"," nicaragua",48500000,2010,0,1
"p080721","caribbean",29400000,2010,1,0
"p073438"," peru",15200000,2010,1,0
"p055991"," honduras",38900000,2010,0,1
"p080827","  brazil",745050000,2004,1,0
"p085433","dominican ",3e+08,2005,1,0
"p078838","dominican ",114540000,2011,1,0
"p082715","dominican ",1.1e+07,2010,1,0
"p082781"," bolivia",3e+07,2006,1,0
"p078841"," dominica",3e+06,2004,1,0
"p082885"," nicaragua",7.6e+07,2006,1,0
"p078143","argentina ",1640000,2007,1,0
"p082037"," chile",10710000,2013,0,1
"p087661"," bolivia",169500000,2004,1,0
"p086543"," paraguay",8e+07,2004,1,0
"p060573","  brazil",1e+08,2011,1,0
"p035752","mexico",528030303,2009,0,1
"p074021"," peru",7930000,2010,1,0
"p035740"," peru",142300000,2011,1,0
"p035751","mexico",28900000,2008,1,0
"p082871"," peru",1.5e+08,2004,0,1
"p078088"," chile",2e+08,2007,0,1
"p073985"," chile",13985452,2009,1,0
"p083905"," colombia",168300000,2004,0,1
"p078951"," peru",1.5e+08,2004,0,1
"p072637","argentina ",2.95e+09,2007,0,1
"p070038"," honduras",35232408,2010,1,0
"p079060"," colombia",1.85e+09,2004,0,1
"p077757"," colombia",21400000,2006,0,1
"p087979"," guatemala",1,2024,0,1
"p073526"," paraguay",26500000,2009,0,1
"p068290","mexico",100800000,2008,0,1
"p070827","  brazil",1e+08,2007,0,1
"p077759","grenada",11300000,2011,1,0
"p075528"," trinidad and tobago",2.5e+07,2010,1,0
"p076802","dominican ",42071000,2009,1,0
"p080400","  brazil",2e+08,2007,1,0
"p040177"," honduras",1.1e+07,2013,0,1
"p076977","  brazil",20120000,2010,1,0
"p073367"," bolivia",22400000,2011,1,0
"p081402"," bolivia",2.5e+07,2004,0,1
"p082700"," bolivia",3.5e+07,2004,0,1
"p070641","  brazil",404040000,2003,0,1
"p054119","  brazil",5e+07,2009,0,1
"p074655","mexico",805060000,2005,0,1
"p091254"," colombia",1100000,2007,0,1
"p077788"," peru",2.9e+07,2008,0,1
"p055232"," peru",94200000,2007,0,1
"p064883"," guatemala",47600000,2004,1,0
"p082739"," ecuador",5e+07,2003,0,1
"p082395"," ecuador",5e+07,2003,1,0
"p083074","argentina ",5e+08,2003,1,0
"p077282"," chile",50260000,2007,0,1
"p081172"," honduras",13350000,2009,1,0
"p073246"," nicaragua",18965620,2011,1,0
"p075194"," nicaragua",4020000,2011,1,0
"p055085"," guatemala",63720000,2013,0,1
"p049265","  brazil",8.4e+07,2011,1,0
"p078869"," colombia",1.5e+08,2003,0,1
"p073389","caribbean",10950000,2009,1,0
"p078726","  uruguay",151500000,2007,1,0
"p081495","  uruguay",101020000,2005,0,1
"p080831"," colombia",3e+08,2003,0,1
"p074760"," nicaragua",1.5e+07,2003,0,1
"p068250"," peru",32810000,2010,1,0
"p074726"," colombia",302670000,2014,1,0
"p081834"," peru",29400000,2009,1,0
"p080746","  brazil",505050000,2003,0,1
"p073578","argentina ",1.987e+09,2006,0,1
"p076798","st kitts and nevis",4510000,2009,1,0
"p074138"," colombia",287720000,2008,1,0
"p073851","  guyana",1.2e+07,2004,0,1
"p074762","  guyana",5289000,2007,1,0
"p078310","  brazil",1.25e+08,2007,1,0
"p074426"," colombia",2.1e+07,2020,1,0
"p076421"," costa rica",8863000,2019,1,0
"p066752"," ecuador",36694000,2007,1,0
"p059161","mexico",12200000,2009,1,0
"p073756","jamaica",7.5e+07,2002,0,1
"p071589","jamaica",6.3e+07,2009,0,1
"p076837","jamaica",29650000,2008,0,1
"p077044","  brazil",1650000,2005,0,1
"p073817"," peru",1e+08,2002,1,0
"p054937","dominican ",6.3e+07,2011,0,1
"p075871","  brazil",51300000,2024,0,1
"p065256"," peru",8e+07,2013,1,0
"p080263","  uruguay",151520000,2004,0,1
"p058503","  brazil",81500000,2008,1,0
"p077172","  uruguay",151520000,2004,0,1
"p074539","mexico",202020000,2003,0,1
"p069861"," colombia",5.45e+08,2002,0,1
"p064919"," el salvador",24050000,2010,0,1
"p076715","grenada",7220000,2009,1,0
"p074777","  brazil",1e+07,2009,1,0
"p060686","mexico",642800000,2006,0,1
"p070108","mexico",85400000,2011,1,0
"p078280"," peru",45238.9,2003,0,1
"p066170","  brazil",3e+07,2010,0,1
"p076853"," guatemala",5900000,2009,0,1
"p074530"," guatemala",3.5e+08,2007,0,1
"p056018"," nicaragua",45298275,2013,0,1
"p077602","mexico",8.2e+07,2007,0,1
"p074750","mexico",303040000,2003,0,1
"p068121","latin america",26760000,2009,1,0
"p057653","  brazil",3.2e+08,2008,0,1
"p077712","st lucia",19150000,2008,1,0
"p066259","  brazil",404040000,2002,1,0
"p076905","  brazil",1054550000,2002,1,0
"p075978","st kitts and nevis",6970000,2009,0,1
"p087390"," ecuador",1780000,2006,0,1
"p069923","st vincent and  grenadines",6810000,2006,1,0
"p070552","  brazil",32857000,2009,1,0
"p053575"," honduras",3.1e+07,2010,0,1
"p043869","  brazil",107500000,2009,1,0
"p070937","  uruguay",91910000,2012,0,1
"p068968"," bolivia",2.84e+08,2011,1,0
"p074641","jamaica",31500000,2008,1,0
"p074218"," ecuador",18840000,2009,0,1
"p057531","mexico",741100000,2004,0,1
"p069269"," paraguay",11182900,2008,0,1
"p068271"," chile",150750000,2009,0,1
"p057665","  brazil",1.36e+08,2007,0,1
"p066175"," guatemala",33200000,2011,0,1
"p077680"," dominica",3900000,2005,1,0
"p077687","st lucia",7400000,2005,1,0
"p076822","st vincent and  grenadines",3800000,2005,1,0
"p077684","st kitts and nevis",5200000,2005,1,0
"p077682","grenada",4500000,2006,1,0
"p069259"," chile",33500000,2007,0,1
"p065988","mexico",60120000,2010,1,0
"p074619"," chile",3500000,2022,1,0
"p074085","  brazil",2.8e+07,2006,0,1
"p041642"," colombia",27320000,2008,1,0
"p051696","  brazil",933900000,2011,0,1
"p006572","  brazil",4.2e+07,2008,1,0
"p070244","st lucia",8360000,2008,1,0
"p076830","jamaica",1.75e+08,2002,1,0
"p073572"," colombia",8e+08,2003,0,1
"p067986"," el salvador",165700000,2011,1,0
"p060221","  brazil",193800000,2010,0,1
"p072527"," ecuador",2840000,2008,0,1
"p063644"," ecuador",43210000,2008,0,1
"p057369"," colombia",6666000,2006,0,1
"p070374","argentina ",6720000,2006,0,1
"p065937"," colombia",7e+07,2010,1,0
"p057692"," colombia",6350000,2004,0,1
"p060577","mexico",10600000,2005,0,1
"p067774","jamaica",77500000,2009,0,1
"p073192","  brazil",18100000,2008,0,1
"p073591","argentina ",4e+08,2003,0,1
"p055954","  brazil",1.3e+08,2006,1,0
"p055844"," panama",13510000,2010,1,0
"p074543","  uruguay",2.4e+07,2009,1,0
"p057859"," honduras",6035105.2,2005,1,0
"p069913","argentina ",3.3e+08,2006,1,0
"p073892"," costa rica",23500000,2009,1,0
"p039437"," ecuador",41960000,2007,0,1
"p075220","barbados",23650000,2007,0,1
"p074212"," bolivia",6.2e+07,2008,1,0
"p071505","dominican ",3e+07,2008,1,0
"p050880","  brazil",4e+07,2010,0,1
"p050495","a bolivariana de venezuela",60300000,2006,0,1
"p050875","  brazil",5e+07,2009,0,1
"p057649","  brazil",7.5e+07,2005,0,1
"p050881","  brazil",3e+07,2010,0,1
"p049012","argentina ",18760000,2008,1,0
"p071323","mexico",755060000,2003,0,1
"p066321","mexico",581200000,2009,0,1
"p071243"," peru",1e+08,2001,1,0
"p044601"," peru",1.51e+08,2006,1,0
"p073882","  brazil",1300000,2004,1,0
"p070640","  brazil",404040000,2002,0,1
"p073294","  brazil",17671200,2008,0,1
"p053349","central america",24258564,2007,1,0
"p068134"," bolivia",2.07e+08,2003,1,0
"p048652"," guatemala",82500913,2008,0,1
"p063463","mexico",13250000,2006,0,1
"p057021","grenada",748000,2006,1,0
"p064906"," nicaragua",1.36e+08,2006,1,0
"p007397"," honduras",47800000,2007,0,1
"p064916"," nicaragua",16050000,2009,1,0
"p069964"," colombia",640770000,2005,1,0
"p055823"," nicaragua",40700000,2007,1,0
"p040109"," colombia",59230000,2009,0,1
"p070058","  uruguay",7550000,2008,0,1
"p063317"," colombia",3e+07,2007,1,0
"p065200"," peru",22749000,2007,1,0
"p068673"," nicaragua",87400000,2007,0,1
"p057416"," bolivia",3500000,2005,0,1
"p060474"," bolivia",43690000,2006,1,0
"p070016"," nicaragua",5850000,2006,1,0
"p060575","  brazil",757580000,2002,0,1
"p050595"," panama",58570000,2010,0,1
"p059566","  brazil",112500000,2008,1,0
"p059565","  brazil",1.16e+08,2003,0,1
"p055084"," guatemala",33300000,2009,0,1
"p070479","mexico",1305060000,2002,0,1
"p064895"," honduras",176050000,2006,0,1
"p065779","mexico",2.18e+08,2006,0,1
"p064614","argentina ",173790000,2008,0,1
"p064887","mexico",658350000,2004,1,0
"p050772","  brazil",436400000,2008,0,1
"p071112","jamaica",2.25e+08,2001,0,1
"p060908","mexico",90050000,2009,1,0
"p073035"," honduras",17000164.01,2006,1,0
"p066674","mexico",18700000.01,2008,1,0
"p068344","argentina ",5.18e+08,2006,0,1
"p057538"," honduras",106800000,2007,1,0
"p069922","grenada",11790000,2005,1,0
"p049924"," ecuador",50250000,2006,1,0
"p056390"," ecuador",3950000,2009,1,0
"p068753","dominican ",3430000,2005,1,0
"p057459","argentina ",8500000,2003,1,0
"p057473","argentina ",5880000,2006,0,1
"p044447","argentina ",70700000,2006,0,1
"p060785"," honduras",2.3e+07,2006,1,0
"p052021"," panama",5.9e+07,2009,1,0
"p040150","belize",18400000,2005,0,1
"p066749","a bolivariana de venezuela",1.5e+07,2004,0,1
"p064045"," ecuador",13090000,2004,0,1
"p070337"," ecuador",501520000,2003,0,1
"p066938","mexico",3870000,2005,0,1
"p052009"," costa rica",41230000,2006,0,1
"p061314"," costa rica",8e+06,2006,0,1
"p064915"," nicaragua",38280000,2005,0,1
"p063383","  uruguay",48090000,2007,0,1
"p065902"," bolivia",5800000,2005,1,0
"p050776","  brazil",1.5e+08,2007,0,1
"p064913"," honduras",12010000,2010,1,0
"p068762"," colombia",63714250,2005,0,1
"p056087"," nicaragua",10600000,2005,0,1
"p058303","  uruguay",4e+05,2005,1,0
"p057326"," colombia",6250000,2006,1,0
"p059510","dominican ",5e+06,2005,1,0
"p050578"," colombia",4e+07,2006,0,1
"p064901","  brazil",505060000,2000,0,1
"p063341","  brazil",505060000,2000,0,1
"p065263"," colombia",530700000,2004,1,0
"p063390","  uruguay",80900000,2000,0,1
"p060499"," peru",6700000,2004,0,1
"p062619","  brazil",5050000,2004,0,1
"p049296"," nicaragua",28150000,2004,0,1
"p039199","  brazil",47300000,2007,0,1
"p006449","  brazil",247200000,2011,1,0
"p060718","mexico",2.5e+07,2006,1,0
"p062932"," peru",129600000,2006,0,1
"p057530","mexico",7.3e+07,2005,0,1
"p066867","mexico",1006070000,2001,0,1
"p067491","mexico",755060000,2001,0,1
"p035741","  brazil",3e+07,2006,0,1
"p063388","argentina ",7070000,2002,0,1
"p047690"," peru",13820000,2005,0,1
"p055853"," nicaragua",15900000,2006,0,1
"p063643"," colombia",1.006e+09,2001,0,1
"p057272","  guyana",5600000,2002,0,1
"p055482","argentina ",60779000,2006,0,1
"p039200","  brazil",634000,2004,1,0
"p047309","  brazil",3.5e+07,2006,1,0
"p050613"," nicaragua",52500000,2005,0,1
"p054939","st lucia",6500000,2004,0,1
"p044140"," colombia",117200000,2009,1,0
"p052736","dominican ",21700000,2006,0,1
"p057601","a bolivariana de venezuela",2e+07,2006,0,1
"p065596"," peru",9e+08,2000,0,1
"p054125"," colombia",8652000,2006,1,0
"p057350"," honduras",13900000,2005,0,1
"p048869","  brazil",3.08e+08,2007,0,1
"p060392"," bolivia",2.5e+07,2003,0,1
"p062790"," bolivia",7.2e+07,2007,0,1
"p050763","  brazil",4.02e+08,2005,0,1
"p055230"," bolivia",1.2e+08,2005,0,1
"p006046","argentina ",4.7e+07,2007,1,0
"p006570","  brazil",15327388.2,2007,0,1
"p055388","  brazil",4.4e+07,2003,0,1
"p058526","argentina ",6900000,2001,0,1
"p063386"," chile",1.5e+07,2002,0,1
"p055461","argentina ",1e+07,2005,0,1
"p040108"," trinidad and tobago",23200000,2006,0,1
"p045048","argentina ",1e+07,2009,1,0
"p006043","argentina ",60500000,2012,1,0
"p007610","mexico",505500000,2005,0,1
"p052080"," nicaragua",1.5e+07,2004,1,0
"p054462"," guatemala",77300000,2005,0,1
"p063351","  brazil",2.53e+08,1999,0,1
"p063340","  brazil",757600000,1999,0,1
"p064084"," nicaragua",5e+07,2000,0,1
"p048505","mexico",5.55e+08,2003,0,1
"p055480"," chile",23100000,2004,0,1
"p064083"," honduras",2e+08,2005,0,1
"p057449","argentina ",43300000,2007,0,1
"p069633"," dominica",6030000,2002,1,0
"p062668","st kitts and nevis",10080000,2003,1,0
"p063201","dominican ",1.25e+08,2003,1,0
"p070430","st lucia",7680000,2003,1,0
"p049616"," guatemala",38800000,2007,0,1
"p057030"," bolivia",4e+07,2002,0,1
"p050608"," panama",6.1e+07,1999,0,1
"p040198"," guatemala",6.4e+07,2003,0,1
"p062992","argentina ",505050000,2003,0,1
"p040197"," nicaragua",165700000,2003,0,1
"p062991","argentina ",2525250000,2002,0,1
"p055481"," chile",241400000,2005,0,1
"p047039"," guatemala",49700000,2007,0,1
"p040174","a bolivariana de venezuela",152900000,2006,0,1
"p057271","  guyana",10200000,2002,0,1
"p006058","argentina ",104328571.4,2005,0,1
"p063551","  brazil",1e+06,1999,0,1
"p049267","  uruguay",1.45e+08,2003,0,1
"p043874","  brazil",2e+08,2004,0,1
"p053706"," panama",123800000,2003,0,1
"p054120","  brazil",3e+08,2003,0,1
"p058129","  brazil",2.7e+07,2004,0,1
"p044289","  brazil",2600000,2008,0,1
"p039086"," peru",66300000,2004,0,1
"p050576"," colombia",7800000,2003,0,1
"p041994","  uruguay",4e+07,2004,0,1
"p049386"," guatemala",37600000,2006,0,1
"p040179"," panama",6e+06,2005,0,1
"p048651"," honduras",159500000,2003,0,1
"p039082"," colombia",572300000,2001,0,1
"p007720","mexico",6.25e+08,2002,0,1
"p057910","  brazil",1e+07,2005,0,1
"p049269","argentina ",1.077e+09,2002,0,1
"p055061","mexico",3e+07,2002,0,1
"p046031"," colombia",6250000,2000,0,1
"p057396"," bolivia",3.2e+07,2005,0,1
"p045937"," panama",12800000,2005,0,1
"p006204"," bolivia",1e+08,2006,0,1
"p044531","mexico",662800000,2005,0,1
"p053243"," colombia",5e+06,2003,0,1
"p006861"," colombia",1.25e+08,2004,0,1
"p040106"," ecuador",42600000,2003,0,1
"p046006","mexico",4e+08,1999,0,1
"p039084"," ecuador",56250000,2006,0,1
"p040199","mexico",1.15e+08,2001,0,1
"p035730","organization of eastern caribbean states",1e+07,2004,0,1
"p053705"," nicaragua",108500000,2005,0,1
"p049895","mexico",287900000,2006,0,1
"p035753"," nicaragua",3.2e+07,2004,0,1
"p040085"," bolivia",77300000,2006,0,1
"p050612"," el salvador",1e+08,2006,0,1
"p040033","  brazil",1.36e+09,1999,0,1
"p041807","a bolivariana de venezuela",9850000,2006,0,1
"p055974"," bolivia",27500000,2001,0,1
"p007777"," nicaragua",7e+07,2000,0,1
"p050714","argentina ",1.7e+08,2002,0,1
"p050713","argentina ",5e+06,2005,0,1
"p006559","  brazil",95100000,2004,0,1
"p038895","  brazil",236600000,2009,1,0
"p050762","  brazil",1.25e+08,2001,0,1
"p052590","argentina ",9.29e+08,2005,0,1
"p035733","dominican ",3620000,2002,0,1
"p043420","  brazil",2.8e+07,2008,1,0
"p043421","  brazil",3.73e+08,2009,0,1
"p039876"," costa rica",1.1e+07,2005,1,0
"p006050","argentina ",2.4e+07,2005,0,1
"p055477","argentina ",46500000,2001,0,1
"p050717","  uruguay",1e+08,1998,0,1
"p040086"," ecuador",5e+07,2003,0,1
"p007135"," ecuador",32300000,2005,1,0
"p007711","mexico",2.4e+07,2003,0,1
"p055935","argentina ",6e+07,2004,0,1
"p051124"," panama",43800000,2004,0,1
"p007015","dominican ",4.2e+07,2004,0,1
"p044325","a bolivariana de venezuela",7300000,2001,0,1
"p048657"," guatemala",15700000,2002,0,1
"p006549","  brazil",2.086e+09,2000,0,1
"p038947","  brazil",3.1e+08,2004,0,1
"p055571"," ecuador",1.71e+08,2000,1,0
"p035737"," guatemala",136500000,2007,0,1
"p040107"," peru",3.2e+07,2002,0,1
"p054667"," peru",1.4e+08,2000,0,1
"p042565","  brazil",1.17e+08,2006,0,1
"p051701","  brazil",8e+07,2004,0,1
"p035743","a bolivariana de venezuela",4.5e+07,2004,0,1
"p048357","  brazil",24600000,2003,0,1
"p050429","mexico",1.3e+07,2006,1,0
"p046112"," colombia",10400000,2003,0,1
"p006891"," colombia",57200000,2006,0,1
"p006474","  brazil",1.23e+08,2008,0,1
"p039787","argentina ",21900000,2008,1,0
"p044343"," honduras",9500000,2005,1,0
"p035728","  brazil",8.5e+07,2005,1,0
"p041680"," el salvador",77100000,2005,0,1
"p039983"," paraguay",55700000,2007,1,0
"p048654"," guatemala",28200000,2007,0,1
"p006006","argentina ",1e+08,1999,0,1
"p051693","argentina ",7.5e+07,1999,0,1
"p051694","argentina ",5e+07,2000,0,1
"p051695","argentina ",7.5e+07,2000,0,1
"p040110"," bolivia",2.1e+07,2003,0,1
"p006041","argentina ",1.08e+08,2011,0,1
"p039197","  brazil",5.9e+09,1998,0,1
"p043163","mexico",8.63e+08,2004,0,1
"p039203","  uruguay",1.52e+08,2006,0,1
"p041790"," nicaragua",15800000,2005,0,1
"p006884"," colombia",12500000,2003,0,1
"p049268","argentina ",2e+08,1999,0,1
"p007837"," panama",8e+07,2004,0,1
"p048870","  brazil",2.81e+08,2001,0,1
"p006532","  brazil",1.25e+09,2005,0,1
"p046052","  brazil",1.2e+07,2002,1,0
"p052209","mexico",30300000,1998,1,0
"p043873","  brazil",1.2e+08,2005,0,1
"p043418","argentina ",3e+07,2003,0,1
"p007223"," guatemala",46800000,2003,0,1
"p034578","  brazil",167900000,2005,0,1
"p039584","argentina ",4e+08,2011,0,1
"p006059","argentina ",128300000,2005,0,1
"p007847"," panama",3.9e+07,2004,1,0
"p007726","mexico",58600000,2002,0,1
"p006475","  brazil",1.5e+08,2002,0,1
"p048756"," guatemala",18500000,2004,0,1
"p006010","argentina ",357200000,2010,0,1
"p043868","  brazil",208400000,2005,1,0
"p007398"," honduras",41800000,2004,0,1
"p039292","belize",11700000,2003,0,1
"p006562","  brazil",2.22e+08,2004,0,1
"p040739","caribbean",6700000,2002,1,0
"p039196","  brazil",4.61e+08,1998,0,1
"p040102"," colombia",3.3e+07,2004,0,1
"p007700","mexico",23600000,2003,0,1
"p008064"," peru",1e+08,1997,0,1
"p040123"," peru",1.83e+08,1997,0,1
"p046821","argentina ",2e+07,2005,0,1
"p042442"," peru",93200000,2004,1,0
"p005920","argentina ",28900000,2014,1,0
"p035722","dominican ",122500000,2003,0,1
"p041820","mexico",4e+08,1997,0,1
"p042566","  brazil",5.2e+07,2001,0,1
"p043871","  brazil",4e+07,2001,0,1
"p038896","  brazil",3.2e+07,2002,0,1
"p006052","argentina ",4.2e+08,2006,0,1
"p044445","argentina ",3e+08,1998,0,1
"p037961","  brazil",17700000,2007,0,1
"p007732","mexico",1.03e+08,2000,0,1
"p041971"," haiti",2.4e+07,2002,0,1
"p007326"," haiti",21500000,2001,0,1
"p005980","argentina ",1.5e+09,2006,0,1
"p007790"," nicaragua",40400000,2002,0,1
"p007927"," paraguay",27100000,2004,0,1
"p039029","jamaica",37600000,2001,0,1
"p040808","argentina ",3e+07,2007,0,1
"p007164"," el salvador",51500000,2007,0,1
"p007490","jamaica",5.7e+07,2003,0,1
"p007131"," ecuador",2.1e+07,2005,0,1
"p038700","jamaica",38500000,2002,0,1
"p008037"," peru",1.09e+08,2009,0,1
"p036056"," ecuador",14300000,2002,0,1
"p040125"," peru",4.3e+08,2000,0,1
"p037828","  brazil",353500000,2006,1,0
"p040028","  brazil",6.31e+08,2002,0,1
"p007713","mexico",146500000,2005,1,0
"p006554","  brazil",7.5e+08,2003,0,1
"p007269","  guyana",19300000,2004,0,1
"p008224","a bolivariana de venezuela",71100000,2001,1,0
"p007788"," nicaragua",197400000,2000,0,1
"p006872"," colombia",183400000,2001,0,1
"p040909","argentina ",3.5e+08,1998,0,1
"p045687","argentina ",2.5e+07,2001,0,1
"p006210","  brazil",2e+07,2005,1,0
"p044597","  brazil",2.5e+07,2004,1,0
"p007128"," ecuador",10014000,2001,0,1
"p007832"," panama",5.8e+07,2002,0,1
"p041915"," panama",3e+07,1996,0,1
"p007174"," el salvador",7.7e+07,2005,0,1
"p034607"," honduras",16700000,2000,0,1
"p007387"," honduras",2.1e+08,2001,0,1
"p006206"," bolivia",4.8e+07,2001,1,0
"p006676"," chile",3.5e+07,2000,0,1
"p039291"," colombia",2e+07,2002,0,1
"p006057","argentina ",164400000,2004,0,1
"p006969"," dominica",7900000,2001,0,1
"p043923","grenada",9900000,2001,0,1
"p006186"," bolivia",2.2e+07,2004,0,1
"p037047"," peru",2.67e+08,2000,0,1
"p006191"," bolivia",5100000,1999,0,1
"p034606"," bolivia",19300000,1998,0,1
"p038883","argentina ",74200000,1999,0,1
"p037049","argentina ",16500000,2006,0,1
"p035495","argentina ",417900000,1998,0,1
"p006887"," colombia",249300000,2008,0,1
"p035312"," trinidad and tobago",78430000,2003,0,1
"p006894"," colombia",499300000,2004,1,0
"p035494","dominican ",1e+08,2003,0,1
"p008177","  uruguay",2.36e+08,2006,0,1
"p006040","argentina ",26200000,2006,0,1
"p007169"," el salvador",80200000,2001,0,1
"p038932","jamaica",2.1e+07,1998,1,0
"p040824"," el salvador",1.6e+07,2004,0,1
"p007689","mexico",443400000,2002,0,1
"p007923"," paraguay",40500000,2001,0,1
"p040685","mexico",4.6e+07,1999,0,1
"p006030","argentina ",144700000,2001,0,1
"p006202"," bolivia",3.1e+07,1999,0,1
"p006055","argentina ",4e+07,2001,0,1
"p040904","argentina ",5e+08,1998,0,1
"p035715","a bolivariana de venezuela",5400000,1998,0,1
"p006512","  brazil",5e+07,2000,1,0
"p037709"," honduras",112600000,1999,0,1
"p041583"," haiti",56400000,1997,0,1
"p039455","st lucia",7100000,1997,1,0
"p038916"," nicaragua",102400000,1998,0,1
"p007173"," el salvador",77400000,2002,1,0
"p034091","argentina ",2.73e+08,2004,0,1
"p006173"," bolivia",5e+07,1999,0,1
"p006178"," bolivia",13300000,1998,1,0
"p035717","  brazil",1.65e+08,2001,0,1
"p006564","  brazil",197300000,2004,0,1
"p038882","  brazil",203800000,2004,0,1
"p038884","  brazil",116700000,2001,0,1
"p038885","  brazil",6e+07,2001,0,1
"p040462","mexico",2e+09,1998,0,1
"p040497","mexico",1e+09,1996,0,1
"p007259","  guyana",15500000,1998,0,1
"p036004","  uruguay",4e+06,2002,1,0
"p006567","  brazil",20900000,2005,0,1
"p006197"," bolivia",27200000,2005,0,1
"p008237","a bolivariana de venezuela",76300000,2004,0,1
"p007213"," guatemala",10500000,1999,0,1
"p006673"," chile",2.07e+08,2001,0,1
"p040826","argentina ",1.3e+09,1997,0,1
"p006957","organization of eastern caribbean states",12500000,2003,0,1
"p006018","argentina ",2.25e+08,2005,0,1
"p006970","organization of eastern caribbean states",3.8e+07,2003,0,1
"p007020","dominican ",43200000,2004,1,0
"p006880"," colombia",7.4e+07,2003,1,0
"p006205"," bolivia",1.1e+07,2000,0,1
"p121012"," peru",2e+05,2012,1,0
"p145327","caribbean",0,2016,1,0
"p119225"," paraguay",0,2011,0,1
"p121006"," peru",199888,2012,1,0
"p121004","belize",2e+05,2013,1,0
"p114888","latin america",189400,2011,1,0
"p007051"," ecuador",0,1982,0,1
"p114890","  brazil",2e+05,2011,0,1
"p151803"," honduras",5.5e+07,2016,0,1
"p144271"," colombia",57850000,2024,1,0
"p149959","st lucia",1165000,2019,0,1
"p133195","argentina ",250500000,2021,0,1
"p149069","  uruguay",2e+08,2017,0,1
"p120899"," colombia",0,2014,0,1
"p145410"," guatemala",2750935,2019,1,0
"p149858","mexico",1.5e+08,2018,1,0
"p147212","mexico",3.5e+08,2021,0,1
"p147185","mexico",819950000,2018,1,0
"p150876"," paraguay",6e+05,2019,0,1
"p130474","belize",9085600,2019,1,0
"p147483","dominican ",3e+07,2020,0,1
"p128968","  brazil",117860000,2020,0,1
"p143376","  brazil",4400000,2017,1,0
"p130378"," chile",3e+06,2019,1,0
"p127338","belize",3e+07,2021,1,0
"p147984","  brazil",4e+08,2016,0,1
"p147665","jamaica",5e+07,2024,0,1
"p129640"," bolivia",71400000,2020,1,0
"p143184","  brazil",11130000,2019,1,0
"p148013","jamaica",2e+07,2021,0,1
"p132570","caribbean",3e+06,2018,0,1
"p146688","jamaica",37636000,2021,0,1
"p147152","grenada",1.5e+07,2015,1,0
"p147166"," haiti",17580000,2015,1,0
"p148083","  brazil",2.8e+08,2015,1,0
"p147157","  brazil",2.6e+08,2022,1,0
"p149895"," nicaragua",1.2e+07,2021,1,0
"p133738"," guatemala",3.4e+08,2015,0,1
"p145578","mexico",5.5e+07,2021,1,0
"p127226","st lucia",6.8e+07,2023,1,0
"p147924","  guyana",23500000,2023,1,0
"p147250","  guyana",11890000,2024,1,0
"p127837"," bolivia",59150000,2019,1,0
"p147979","  brazil",2.16e+08,2016,0,1
"p144614"," haiti",4.5e+07,2022,0,1
"p133352"," haiti",5.8e+07,2020,0,1
"p130664"," bolivia",2215000,2017,1,0
"p143995"," bolivia",21500000,2021,0,1
"p129992"," dominica",70500000,2023,1,0
"p143362","  brazil",4400000,2017,1,0
"p145782"," colombia",4.36e+08,2019,0,1
"p130682","  brazil",323100000,2023,1,0
"p147006"," nicaragua",3.2e+07,2019,1,0
"p146460","jamaica",4.2e+07,2021,1,0
"p132505"," peru",152600000,2023,0,1
"p126735","  brazil",4.8e+07,2017,0,1
"p151949"," el salvador",1e+06,2016,1,0
"p151950"," guatemala",1e+06,2016,0,1
"p151951"," honduras",1500000,2016,0,1
"p144108"," honduras",3e+05,2015,1,0
"p146942"," panama",2e+08,2015,1,0
"p123879"," colombia",7e+07,2023,0,1
"p131013"," peru",129040600,2021,0,1
"p147244","mexico",300751879.7,2015,0,1
"p145995","jamaica",1.3e+08,2014,0,1
"p129647"," peru",15923000,2019,1,0
"p147913","  brazil",2.5e+08,2015,0,1
"p117318"," peru",52100000,2019,1,0
"p131709","mexico",267797000,2019,1,0
"p127463","  brazil",3.5e+08,2019,0,1
"p147695","  brazil",5e+08,2016,1,0
"p147853","dominican ",787984,2019,0,1
"p125804","argentina ",3960200,2019,1,0
"p145605"," colombia",6e+08,2014,1,0
"p128289"," peru",250000,2015,1,0
"p143996"," ecuador",115600000,2020,1,0
"p129397","argentina ",1900000,2018,1,0
"p144489"," ecuador",1684164013,2023,1,0
"p144263","jamaica",2997790,2018,0,1
"p132851"," colombia",3260000,2018,1,0
"p126452","  brazil",4e+08,2023,0,1
"p132768","  brazil",5.5e+08,2014,0,1
"p127208"," haiti",2e+07,2014,1,0
"p127245","  brazil",32400000,2018,1,0
"p126749","  brazil",2e+08,2014,1,0
"p127723","  brazil",7.29e+08,2021,1,0
"p085621"," chile",63863636,2021,1,0
"p126791","antigua and barbuda",1e+07,2017,1,0
"p123974"," haiti",2e+07,2021,1,0
"p123706"," haiti",9e+07,2020,0,1
"p129652","  brazil",1.5e+08,2014,0,1
"p133557"," nicaragua",51900000,2017,0,1
"p121152"," nicaragua",4e+07,2020,1,0
"p127332"," panama",1e+08,2014,0,1
"p144462"," nicaragua",1e+06,2016,1,0
"p123151"," peru",1.83e+08,2018,1,0
"p131028"," peru",4.5e+07,2013,0,1
"p130972"," colombia",1.5e+08,2013,1,0
"p131029"," peru",14300000,2018,0,1
"p130819"," honduras",1.7e+07,2018,1,0
"p131094"," honduras",3e+07,2021,1,0
"p122194"," peru",52170000,2018,0,1
"p125803","  uruguay",5.1e+08,2020,0,1
"p127088"," nicaragua",6e+06,2018,1,0
"p129465"," colombia",2e+08,2013,0,1
"p131440","  uruguay",2.6e+08,2019,1,0
"p126343","  brazil",713239777,2019,1,0
"p127743"," bolivia",64540000,2023,0,1
"p123146"," costa rica",253300000,2019,0,1
"p131763"," guatemala",2e+08,2013,1,0
"p126408","  uruguay",73800000,2017,0,1
"p127203"," haiti",1e+08,2020,1,0
"p132915","latin america",595000,2016,1,0
"p130412"," guatemala",2507050,2016,1,0
"p121116","mexico",30888182,2018,1,0
"p126465","  brazil",3e+08,2014,0,1
"p127299","jamaica",50000,2013,0,1
"p121590","  brazil",4.5e+08,2014,0,1
"p121495","  brazil",3e+08,2021,1,0
"p130580"," bolivia",2786309,2016,1,0
"p129340"," peru",240000,2015,0,1
"p127302"," colombia",23133,2013,0,1
"p126583"," colombia",2.5e+08,2021,1,0
"p118064","  uruguay",8.4e+07,2019,1,0
"p126351","  brazil",7e+08,2014,0,1
"p123702"," costa rica",0,2010,0,1
"p132415"," el salvador",1833200,2015,1,0
"p132098","belize",2800000,2018,1,0
"p126372","  brazil",921600000,2019,0,1
"p114963","caribbean",2.5e+07,2021,0,1
"p126487","mexico",171263157.9,2016,0,1
"p129389","central america",4e+05,2014,0,1
"p131197","caribbean",2e+05,2013,0,1
"p120830","  brazil",4.8e+08,2019,1,0
"p127297","argentina ",18750,2013,1,0
"p127295","argentina ",42000,2013,0,1
"p127298"," chile",35000,2013,0,1
"p121167","  brazil",0,2019,1,0
"p108740"," chile",10101222,2013,1,0
"p127301"," colombia",15000,2013,0,1
"p106753","  brazil",5e+08,2013,0,1
"p123505","mexico",300751879.7,2013,1,0
"p111661"," chile",1e+08,2016,0,1
"p126297","mexico",3e+08,2013,0,1
"p089032","  bahamas",560000,2008,0,1
"p120139","  brazil",135250000,2020,0,1
"p126449","  brazil",3.5e+08,2013,1,0
"p120170","mexico",300751879.7,2013,1,0
"p114810","  brazil",85890000,2017,0,1
"p123760","mexico",7.75e+08,2018,1,0
"p112074","  brazil",117125000,2020,1,0
"p125453"," trinidad and tobago",325000,2014,1,0
"p126357"," nicaragua",32950000,2018,0,1
"p130418"," honduras",2449230,2016,1,0
"p129428","dominican ",750000,2016,0,1
"p126537","  brazil",53604127,2018,1,0
"p117043"," paraguay",1e+08,2013,0,1
"p126364"," el salvador",70400000,2018,0,1
"p123447"," nicaragua",4e+07,2017,1,0
"p127455","  uruguay",2500000,2017,1,0
"p125763"," colombia",166500,2012,0,1
"p127331"," honduras",8.6e+07,2012,0,1
"p110050"," honduras",25330316,2015,1,0
"p124663","  brazil",3e+07,2023,1,0
"p123367","mexico",209620000,2017,0,1
"p126744"," haiti",5e+07,2022,1,0
"p126346"," haiti",6e+07,2020,1,0
"p124134"," haiti",7e+07,2018,0,1
"p129561"," peru",2500000,2017,1,0
"p124181","  uruguay",5.5e+07,2021,1,0
"p125806","dominican ",7e+07,2012,0,1
"p123242","  uruguay",2.6e+08,2018,0,1
"p122738"," panama",6.6e+07,2021,1,0
"p126788"," nicaragua",2470367,2013,0,1
"p127925","  brazil",3e+05,2016,1,0
"p123241","jamaica",1e+08,2012,0,1
"p103470","organization of eastern caribbean states",18872000,2016,1,0
"p120637","  brazil",12300000,2019,1,0
"p121137"," guatemala",199966,2013,1,0
"p107137"," bolivia",4.3e+07,2020,1,0
"p117947"," colombia",4.1e+08,2020,0,1
"p123267"," colombia",3e+08,2012,1,0
"p117157"," el salvador",8e+07,2018,1,0
"p106700"," bolivia",52900000,2017,0,1
"p125760"," el salvador",2996879,2016,1,0
"p112073","  brazil",143110000,2018,1,0
"p125451"," guatemala",3e+05,2015,1,0
"p123128","grenada",5e+06,2018,1,0
"p106680"," honduras",32800000,2017,0,1
"p117871","organization of eastern caribbean states",53120000,2022,1,0
"p125288","  guyana",11400000,2017,0,1
"p101414","organization of eastern caribbean states",5600000,2018,1,0
"p126399","central america",3e+05,2013,0,1
"p122699"," el salvador",1e+08,2012,1,0
"p126812"," nicaragua",1200000,2013,0,1
"p122007"," bolivia",129200000,2023,0,1
"p125805"," haiti",6.5e+07,2016,0,1
"p121135"," nicaragua",0,2013,1,0
"p123255"," panama",1e+08,2012,0,1
"p125697"," colombia",1900000,2016,0,1
"p106735","argentina ",4e+08,2019,0,1
"p117864"," peru",82705000,2017,1,0
"p117293"," peru",64900000,2020,1,0
"p125151","argentina ",2.4e+08,2023,1,0
"p120391","  brazil",5.62e+08,2015,0,1
"p125903"," honduras",4e+05,2016,1,0
"p122391","  brazil",4.85e+08,2012,1,0
"p125602"," ecuador",2218397,2015,0,1
"p112780","jamaica",1.5e+07,2017,1,0
"p125205","st lucia",1.5e+07,2014,1,0
"p117310"," peru",5.4e+07,2017,0,1
"p125899","central america",6e+05,2015,1,0
"p112011"," guatemala",3.2e+07,2016,0,1
"p121492"," panama",60130000,2020,0,1
"p120349","belize",2996144,2016,0,1
"p125006","  brazil",4e+07,2014,1,0
"p125764","mexico",122000,2014,1,0
"p121836","argentina ",3e+07,2017,0,1
"p121690"," haiti",1500000,2014,1,0
"p121779"," nicaragua",19500000,2017,1,0
"p122640"," el salvador",5e+07,2014,1,0
"p116974","argentina ",3054974,2015,0,1
"p112264","mexico",751879700,2012,0,1
"p120110"," haiti",1.5e+07,2014,0,1
"p101336"," bolivia",5e+07,2019,1,0
"p124939","st vincent and  grenadines",5e+06,2013,1,0
"p110671"," colombia",4e+07,2014,0,1
"p120205","latin america",184000,2013,0,1
"p121134"," costa rica",195000,2012,0,1
"p110599","argentina ",4.61e+08,2018,0,1
"p120198","argentina ",5e+08,2019,0,1
"p120211","argentina ",2.4e+08,2019,1,0
"p121391"," haiti",35500000,2015,0,1
"p111479"," colombia",4.87e+08,2022,0,1
"p125551"," peru",1230813,2015,0,1
"p122370"," guatemala",1e+08,2012,1,0
"p120860"," peru",1e+08,2019,1,0
"p116264"," peru",5e+07,2013,0,1
"p111795"," nicaragua",22400000,2020,0,1
"p106870"," nicaragua",2.1e+07,2016,1,0
"p124624"," colombia",890000,2011,1,0
"p114971"," paraguay",1.25e+08,2018,1,0
"p120490","  brazil",685000,2011,0,1
"p121778","dominican ",1.5e+08,2011,0,1
"p106424","mexico",713443600,2014,0,1
"p121800","mexico",401002507,2012,1,0
"p100438","mexico",23500000,2016,1,0
"p120654","mexico",192118600.1,2015,0,1
"p124107","grenada",1e+06,2014,1,0
"p110752"," peru",3e+07,2016,0,1
"p121195","mexico",1.62e+08,2016,1,0
"p121220"," honduras",74700000,2011,1,0
"p095171","  brazil",6e+07,2017,1,0
"p121157"," bolivia",0,2013,1,0
"p106702","  brazil",57130316,2015,1,0
"p124509","central america",183000,2013,0,1
"p116215","  uruguay",1e+08,2011,0,1
"p121007"," colombia",199733,2012,0,1
"p110018","  guyana",5121000,2015,0,1
"p096337","  brazil",27254000,2014,0,1
"p123205"," haiti",2840000,2012,1,0
"p101504","  brazil",2.15e+08,2018,0,1
"p111928","belize",15730000,2016,0,1
"p124157"," honduras",2545000,2015,0,1
"p118540","  brazil",1.89e+08,2017,1,0
"p120523","  brazil",3500000,2011,0,1
"p116214"," peru",1e+08,2011,0,1
"p106768","  brazil",18719682.5,2017,0,1
"p118239"," haiti",3e+07,2011,1,0
"p118713"," peru",7.5e+07,2013,1,0
"p104760"," peru",48330000,2016,0,1
"p121136"," peru",2e+05,2012,1,0
"p117590"," colombia",41500000,2015,0,1
"p111918"," chile",11067500,2016,1,0
"p111665","  brazil",1.045e+09,2013,0,1
"p115592"," honduras",4e+07,2018,0,1
"p122181"," nicaragua",2970387,2012,1,0
"p115347","mexico",366700000,2014,0,1
"p094335"," paraguay",18290200,2016,1,0
"p121881","  brazil",2729900,2014,1,0
"p120134","mexico",4.5e+08,2012,1,0
"p117000","grenada",8e+06,2011,1,0
"p117016","st lucia",1.2e+07,2011,1,0
"p114204","  brazil",709300000,2017,1,0
"p118026"," el salvador",8.5e+07,2016,1,0
"p122206"," costa rica",264000,2013,1,0
"p108443","  brazil",1.3e+08,2018,1,0
"p095424"," peru",20715000,2015,1,0
"p113540","  brazil",74130316,2015,1,0
"p119694"," panama",5.5e+07,2017,1,0
"p112262","mexico",7e+08,2011,0,1
"p121563","jamaica",2496720,2013,1,0
"p121671","  brazil",21690000,2014,1,0
"p118410","  brazil",3.75e+08,2016,1,0
"p106390","  brazil",600900000,2018,0,1
"p106703","  brazil",107493000,2017,1,0
"p102341","  uruguay",7e+05,2015,1,0
"p091659","argentina ",2810667,2013,1,0
"p121477","  uruguay",70000,2010,0,1
"p116170","  brazil",2516600000,2020,0,1
"p116470"," nicaragua",3e+05,2011,0,1
"p116989","argentina ",38500000,2017,1,0
"p116430","caribbean",275000,2009,0,1
"p150582"," honduras",1714300,2015,0,1
"p101369","mexico",166700000,2014,0,1
"p116226","mexico",2.6861e+10,2013,1,0
"p107159","mexico",2.694e+09,2019,1,0
"p120895"," haiti",6.5e+07,2018,1,0
"p091827","  brazil",2.1e+07,2015,1,0
"p113896","argentina ",5e+07,2014,1,0
"p104687"," colombia",34242130,2020,1,0
"p120888"," peru",1901660,2014,0,1
"p106708"," colombia",5e+08,2010,0,1
"p117377","argentina ",2.29e+08,2013,0,1
"p113893","jamaica",2e+08,2010,1,0
"p120200","mexico",205600,2012,0,1
"p117244","  brazil",4.85e+08,2010,1,0
"p120498"," guatemala",396000,2013,0,1
"p095863","dominican ",21470000,2017,1,0
"p108654","  brazil",4.1e+08,2020,1,0
"p116929"," peru",5.4e+08,2014,1,0
"p120057"," paraguay",330200,2014,0,1
"p120124"," peru",399600,2013,1,0
"p114010","  brazil",25504000,2015,1,0
"p120704","latin america",650000,2014,1,0
"p114012","mexico",36959000,2015,1,0
"p086341","  brazil",11100000,2016,1,0
"p083904"," colombia",3e+07,2014,1,0
"p106628"," colombia",2.5e+07,2014,0,1
"p112906"," nicaragua",5e+06,2012,1,0
"p103770","  brazil",195450000,2011,1,0
"p117087","organization of eastern caribbean states",2300000,2014,0,1
"p114174"," haiti",2.2e+07,2015,0,1
"p117944"," haiti",12500000,2010,1,0
"p116152"," peru",5e+07,2012,1,0
"p119827","argentina ",424906,2013,1,0
"p116965","mexico",538800000,2012,1,0
"p118036"," el salvador",1e+08,2010,1,0
"p118070","mexico",1503750000,2010,1,0
"p117440"," el salvador",5.4e+07,2016,1,0
"p107407","jamaica",1.6e+07,2015,1,0
"p104995","  brazil",8.8e+07,2015,1,0
"p095314"," el salvador",2e+07,2016,1,0
"p107416"," guatemala",120600000,2015,1,0
"p115145","dominican ",1.5e+08,2010,1,0
"p116972","dominican ",1.5e+08,2010,0,1
"p106720"," peru",1.5e+08,2013,0,1
"p117604","belize",501744,2011,0,1
"p095485","argentina ",187600000,2019,1,0
"p115608","mexico",2003750000,2010,1,0
"p115630"," colombia",5e+06,2014,1,0
"p117452","jamaica",346500,2014,0,1
"p099469","  brazil",34720000,2016,1,0
"p106619","dominican ",30500000,2016,1,0
"p101508","  brazil",79038000,2018,1,0
"p105122","jamaica",17500000,2017,0,1
"p116088"," colombia",3e+08,2011,1,0
"p101279"," colombia",27130316,2015,0,1
"p114373"," guatemala",3.5e+08,2010,1,0
"p117349","dominican ",133000,2017,0,1
"p118072","mexico",1700000,2011,0,1
"p116646"," el salvador",1011594,2014,0,1
"p116471","jamaica",2500000,2015,1,0
"p111996","  brazil",220990000,2022,1,0
"p006553","  brazil",226900000,2017,1,0
"p115882"," nicaragua",1992500,2013,1,0
"p106663","  brazil",596420000,2015,0,1
"p118988","  brazil",1902932,2014,0,1
"p107666"," peru",23670000,2015,1,0
"p113623"," haiti",5e+06,2014,1,0
"p117371","organization of eastern caribbean states",345000,2012,0,1
"p105680","argentina ",1482700000,2024,1,0
"p115183","argentina ",1.27e+09,2016,1,0
"p117089","  brazil",5e+05,2012,0,1
"p112172","caribbean",1e+05,2009,0,1
"p114897","mexico",2e+05,2011,1,0
"p113457"," paraguay",1e+08,2011,0,1
"p115173"," costa rica",5e+08,2010,0,1
"p115177"," panama",8e+07,2010,1,0
"p114271","mexico",54875000,2012,0,1
"p095235"," paraguay",83500000,2019,1,0
"p106208","  brazil",580400000,2015,0,1
"p112544"," guatemala",8.5e+07,2012,1,0
"p101177"," peru",3.3e+08,2015,0,1
"p107843","  brazil",4e+08,2012,1,0
"p115067","mexico",2753759398,2013,1,0
"p054221","dominican ",3.4e+07,2018,1,0
"p112170","latin america",50000,2009,0,1
"p115261"," haiti",5380000,2012,0,1
"p095205","  brazil",1.3e+09,2010,1,0
"p108766","mexico",10500000,2018,1,0
"p106261","mexico",157850000,2018,1,0
"p099369","  brazil",6.6e+07,2016,0,1
"p101471"," peru",3.3e+08,2015,1,0
"p095563"," peru",22130316,2015,1,0
"p121505"," guatemala",2238362,2013,0,1
"p094948"," trinidad and tobago",4e+06,2018,1,0
"p106724","  uruguay",4e+08,2012,0,1
"p088716","  brazil",242130316,2015,0,1
"p115674","central america",164356,2010,0,1
"p114910"," el salvador",4.5e+08,2011,0,1
"p104034"," honduras",41220000,2015,0,1
"p114441"," nicaragua",7300000,2010,1,0
"p101321","jamaica",1e+08,2010,0,1
"p095681","grenada",3720000,2013,0,1
"p115054"," paraguay",398450,2011,1,0
"p101211"," colombia",776200000,2011,0,1
"p113084"," colombia",1.5e+08,2012,1,0
"p101301"," colombia",4.5e+08,2009,1,0
"p107146","  brazil",1.5e+08,2021,1,0
"p110092"," nicaragua",4e+07,2015,1,0
"p106641"," panama",1e+08,2009,0,1
"p099139"," colombia",17445000,2014,0,1
"p106528","mexico",6733500,2013,0,1
"p125269"," honduras",829110,2015,1,0
"p105389","  brazil",1e+07,2015,1,0
"p114936"," haiti",5e+06,2013,1,0
"p104752","  brazil",28160000,2014,1,0
"p114292"," haiti",2e+07,2015,1,0
"p094233","  brazil",1.2e+07,2014,1,0
"p112258","mexico",1.01e+09,2012,1,0
"p114008","argentina ",11869000,2014,1,0
"p114685","latin america",295000,2012,1,0
"p096017","latin america",4996000,2013,1,0
"p112312"," guatemala",2e+08,2009,1,0
"p112082","mexico",2e+05,2012,1,0
"p095510","mexico",300750000,2009,1,0
"p106765","  brazil",2.4e+08,2012,1,0
"p114889","mexico",2e+05,2011,1,0
"p106747"," nicaragua",2e+07,2009,0,1
"p106752","argentina ",2.3e+08,2019,1,0
